<?xml version="1.0" encoding="UTF-8" ?>
<!DOCTYPE mapper
PUBLIC "-//mybatis.org//DTD Mapper 3.0//EN"
"http://mybatis.org/dtd/mybatis-3-mapper.dtd">
<mapper namespace="com.ruoyi.system.mapper.MyStudentMapper">
    
    <resultMap type="MyStudent" id="MyStudentResult">
        <result property="id"    column="id"    />
        <result property="name"    column="name"    />
        <result property="sex"    column="sex"    />
    </resultMap>

    <sql id="selectMyStudentVo">
        select id, name, sex from student
    </sql>

    <select id="selectMyStudentList" parameterType="MyStudent" resultMap="MyStudentResult">
        <include refid="selectMyStudentVo"/>
        <where>  
            <if test="name != null  and name != ''"> and name like concat('%', #{name}, '%')</if>
            <if test="sex != null  and sex != ''"> and sex = #{sex}</if>
        </where>
    </select>
    
    <select id="selectMyStudentById" parameterType="Long" resultMap="MyStudentResult">
        <include refid="selectMyStudentVo"/>
        where id = #{id}
    </select>
        
    <insert id="insertMyStudent" parameterType="MyStudent" useGeneratedKeys="true" keyProperty="id">
        insert into student
        <trim prefix="(" suffix=")" suffixOverrides=",">
            <if test="name != null">name,</if>
            <if test="sex != null">sex,</if>
         </trim>
        <trim prefix="values (" suffix=")" suffixOverrides=",">
            <if test="name != null">#{name},</if>
            <if test="sex != null">#{sex},</if>
         </trim>
    </insert>

    <update id="updateMyStudent" parameterType="MyStudent">
        update student
        <trim prefix="SET" suffixOverrides=",">
            <if test="name != null">name = #{name},</if>
            <if test="sex != null">sex = #{sex},</if>
        </trim>
        where id = #{id}
    </update>

    <delete id="deleteMyStudentById" parameterType="Long">
        delete from student where id = #{id}
    </delete>

    <delete id="deleteMyStudentByIds" parameterType="String">
        delete from student where id in 
        <foreach item="id" collection="array" open="(" separator="," close=")">
            #{id}
        </foreach>
    </delete>
</mapper>